{"n_sims": 10000, "generated_at": 1782934830.260452, "last_result_date": "2026-06-30", "model": {"intercept": 0.17912454985313542, "elo_coef": 0.1846120038127257, "home_coef": 0.300032355732743, "elo_scale": 100.0}, "ratings": {"Mexico": 1606.0511753361118, "South Africa": 1199.4976486277637, "South Korea": 1297.346582502092, "Czech Republic": 1201.0488563183837, "Canada": 1363.9094535041777, "Bosnia & Herz.": 1196.7905796098348, "Qatar": 1031.6052129483448, "Switzerland": 1480.3340422214105, "Brazil": 1631.754267849517, "Morocco": 1543.967313128558, "Haiti": 1125.55509286971, "Scotland": 1293.336056765281, "USA": 1445.1851607212757, "Paraguay": 1382.6128862509288, "Australia": 1390.7051946645552, "Turkey": 1371.0495995908534, "Germany": 1456.899772859036, "Cura\u00e7ao": 1094.1559443819795, "Ivory Coast": 1340.8410813436944, "Ecuador": 1394.4696914800847, "Netherlands": 1553.5322351770894, "Japan": 1443.9909355878754, "Sweden": 1297.9926291082022, "Tunisia": 1115.0688946319085, "Belgium": 1452.0152855935016, "Egypt": 1370.9979621657537, "Iran": 1365.5134624766592, "New Zealand": 1138.4732897640854, "Spain": 1669.7114840668046, "Cape Verde": 1217.5305467879095, "Saudi Arabia": 1209.6196304375853, "Uruguay": 1363.1383387077005, "France": 1731.0192666196826, "Senegal": 1374.36263323355, "Iraq": 1128.0762686455394, "Norway": 1506.8415240225597, "Argentina": 1717.6932022715328, "Algeria": 1382.580391445924, "Austria": 1396.9233929987695, "Jordan": 1153.8030132837737, "Portugal": 1525.9285283090728, "DR Congo": 1330.9740528417124, "Uzbekistan": 1157.724528705104, "Colombia": 1569.372890144111, "England": 1599.345873072933, "Croatia": 1447.6391738081322, "Ghana": 1229.0904507164787, "Panama": 1202.924502402456}}